<!DOCTYPE PATCH  SYSTEM "http://vvvv.org/versions/vvvv45beta31.2.dtd" >
   <PATCH nodename="C:\Users\Joreg\dev\github\cgevent\CalibrateProjector\ProjectedPoints.v4p" systemname="ProjectedPoints" filename="C:\Users\joreg\dev\repos\CGEvent\ProjectedPoints.v4p">
   <NODE systemname="GridSegment (DX9)" nodename="GridSegment (DX9)" componentmode="Hidden" id="8">
   <BOUNDS type="Node" left="1755" top="13620" width="100" height="100">
   </BOUNDS>
   <PIN pinname="Layer" visible="1">
   </PIN>
   <PIN pinname="Resolution X" slicecount="1" values="14">
   </PIN>
   <PIN pinname="Transform" visible="1">
   </PIN>
   <PIN pinname="Color" visible="1">
   </PIN>
   <PIN pinname="Inner Radius" slicecount="1" visible="1" values="0.71">
   </PIN>
   <PIN pinname="Render State" visible="1">
   </PIN>
   <PIN pinname="Enabled" visible="1" slicecount="1" values="1">
   </PIN>
   </NODE>
   <NODE systemname="Transform (Transform 2d Vector)" nodename="Transform (Transform 2d Vector)" componentmode="Hidden" id="9">
   <BOUNDS type="Node" left="1755" top="12030" width="100" height="100">
   </BOUNDS>
   <PIN pinname="TranslateXY" visible="1">
   </PIN>
   <PIN pinname="Transform Out" visible="1">
   </PIN>
   <PIN pinname="ScaleXY" slicecount="2" values="1,1">
   </PIN>
   <PIN pinname="Transform In" visible="1" slicecount="1" values="||">
   </PIN>
   </NODE>
   <NODE nodename="IOBox (Value Advanced)" componentmode="InABox" id="11" systemname="IOBox (Value Advanced)">
   <BOUNDS type="Box" left="8085" top="12555" width="480" height="480">
   </BOUNDS>
   <BOUNDS type="Node" left="8085" top="12555" width="0" height="0">
   </BOUNDS>
   <PIN pinname="Y Input Value" slicecount="1" values="1">
   </PIN>
   <PIN pinname="Units" slicecount="1" values="||">
   </PIN>
   <PIN pinname="Precision" slicecount="1" values="4">
   </PIN>
   <PIN pinname="Value Type" slicecount="1" values="Boolean">
   </PIN>
   <PIN pinname="Behavior" slicecount="1" values="Toggle">
   </PIN>
   <PIN pinname="Descriptive Name" slicecount="1" values="Enabled">
   </PIN>
   <PIN pinname="Y Output Value" visible="1">
   </PIN>
   </NODE>
   <NODE id="12" systemname="IOBox (Node)" componentmode="InABox" nodename="IOBox (Node)">
   <PIN pinname="Descriptive Name" slicecount="1" values="Layer">
   </PIN>
   <BOUNDS type="Box" left="1755" top="14655" width="750" height="240">
   </BOUNDS>
   <BOUNDS type="Node" left="1755" top="14655" width="750" height="240">
   </BOUNDS>
   <PIN pinname="Input Node" visible="1">
   </PIN>
   </NODE>
   <NODE id="13" systemname="IOBox (Value Advanced)" componentmode="InABox" nodename="IOBox (Value Advanced)">
   <PIN pinname="Descriptive Name" slicecount="1" values="Output">
   </PIN>
   <BOUNDS type="Box" left="6150" top="14670" width="750" height="240">
   </BOUNDS>
   <BOUNDS type="Node" left="6150" top="14670" width="750" height="240">
   </BOUNDS>
   <PIN pinname="Y Input Value" visible="1">
   </PIN>
   </NODE>
   <BOUNDS type="Window" left="18300" top="345" width="10125" height="16335">
   </BOUNDS>
   <NODE nodename="IOBox (Color)" componentmode="InABox" id="14" systemname="IOBox (Color)">
   <BOUNDS type="Box" left="2700" top="13200" width="570" height="285">
   </BOUNDS>
   <BOUNDS type="Node" left="2700" top="13200" width="0" height="0">
   </BOUNDS>
   <PIN pinname="Color Input" slicecount="1" values="|0.24826,0.99666,0.00000,1.00000|">
   </PIN>
   <PIN pinname="Color Output" visible="1">
   </PIN>
   </NODE>
   <LINK srcnodeid="14" srcpinname="Color Output" dstnodeid="8" dstpinname="Color">
   </LINK>
   <NODE systemname="WithinProjection (Transform)" nodename="WithinProjection (Transform)" componentmode="Hidden" id="10">
   <BOUNDS type="Node" left="1755" top="11535" width="100" height="100">
   </BOUNDS>
   <PIN pinname="Transform Out" visible="1">
   </PIN>
   </NODE>
   <LINK srcnodeid="10" srcpinname="Transform Out" dstnodeid="9" dstpinname="Transform In">
   </LINK>
   <NODE systemname="PickPoints (3d Vector)" filename="%VVVV%\lib\nodes\modules\3D\PickPoints (3D Vector).v4p" nodename="PickPoints (3d Vector)" componentmode="Hidden" id="15">
   <BOUNDS type="Node" left="2610" top="5775" width="100" height="100">
   </BOUNDS>
   <PIN pinname="Mouse" visible="1">
   </PIN>
   <PIN pinname="Points" visible="1">
   </PIN>
   <PIN pinname="Over" visible="1">
   </PIN>
   <PIN pinname="Picked" visible="1">
   </PIN>
   <BOUNDS type="Box" left="2610" top="5775">
   </BOUNDS>
   </NODE>
   <NODE systemname="Store (Spreads)" filename="%VVVV%\addonpack\lib\nodes\plugins\Store.dll" nodename="Store (Spreads)" componentmode="Hidden" id="17">
   <BOUNDS type="Node" left="1950" top="3690" width="100" height="100">
   </BOUNDS>
   <PIN pinname="Bin Size" slicecount="1" values="2">
   </PIN>
   <PIN pinname="Output" visible="1">
   </PIN>
   <PIN pinname="Insert" visible="1" slicecount="1" values="0">
   </PIN>
   <PIN pinname="Input" visible="1">
   </PIN>
   <PIN pinname="Clear" slicecount="1" values="0">
   </PIN>
   <PIN pinname="Index" visible="1" slicecount="1" values="-1">
   </PIN>
   <PIN pinname="Remove" visible="1">
   </PIN>
   <PIN pinname="Set" visible="1">
   </PIN>
   <PIN pinname="Flush" slicecount="1" values="0">
   </PIN>
   </NODE>
   <NODE systemname="Drag" filename="Drag.v4p" nodename="Drag.v4p" componentmode="Hidden" id="19">
   <BOUNDS type="Node" left="2685" top="8385" width="100" height="100">
   </BOUNDS>
   <PIN pinname="Hit" visible="1">
   </PIN>
   <PIN pinname="Drag" visible="1">
   </PIN>
   <PIN pinname="PositionXY" visible="1">
   </PIN>
   <PIN pinname="OffsetXY" visible="1">
   </PIN>
   <PIN pinname="Dragging" visible="1">
   </PIN>
   </NODE>
   <NODE systemname="Vector (2d Join)" nodename="Vector (2d Join)" componentmode="Hidden" id="20">
   <BOUNDS type="Node" left="1935" top="1140" width="100" height="100">
   </BOUNDS>
   <PIN pinname="X" visible="1">
   </PIN>
   <PIN pinname="Y" visible="1">
   </PIN>
   <PIN pinname="XY" visible="1">
   </PIN>
   </NODE>
   <NODE systemname="MouseState (System Split)" filename="%VVVV%\lib\nodes\plugins\VVVV.Nodes.dll" nodename="MouseState (System Split)" componentmode="Hidden" id="22">
   <BOUNDS type="Node" left="1935" top="675" width="100" height="100">
   </BOUNDS>
   <PIN pinname="X" visible="1">
   </PIN>
   <PIN pinname="Y" visible="1">
   </PIN>
   <PIN pinname="Left Button" visible="1">
   </PIN>
   <PIN pinname="Right Button" visible="1">
   </PIN>
   </NODE>
   <NODE nodename="IOBox (Node)" componentmode="InABox" id="23" systemname="IOBox (Node)">
   <BOUNDS type="Box" left="1935" top="120" width="795" height="240">
   </BOUNDS>
   <BOUNDS type="Node" left="1935" top="120" width="0" height="0">
   </BOUNDS>
   <PIN pinname="Input Node" slicecount="1" values="||">
   </PIN>
   <PIN pinname="Descriptive Name" slicecount="1" values="Mouse">
   </PIN>
   <PIN pinname="Output Node" visible="1">
   </PIN>
   </NODE>
   <LINK srcnodeid="23" srcpinname="Output Node" dstnodeid="22" dstpinname="Mouse">
   </LINK>
   <LINK srcnodeid="22" srcpinname="X" dstnodeid="20" dstpinname="X">
   </LINK>
   <LINK srcnodeid="22" srcpinname="Y" dstnodeid="20" dstpinname="Y">
   </LINK>
   <LINK srcnodeid="23" srcpinname="Output Node" dstnodeid="15" dstpinname="Mouse" hiddenwhenlocked="1">
   </LINK>
   <LINK srcnodeid="17" srcpinname="Output" dstnodeid="13" dstpinname="Y Input Value">
   </LINK>
   <NODE systemname="Cursor (DX9)" filename="%VVVV%\lib\nodes\modules\EX9\Cursor (DX9).v4p" nodename="Cursor (DX9)" componentmode="Hidden" id="24">
   <BOUNDS type="Node" left="3840" top="13620" width="100" height="100">
   </BOUNDS>
   <PIN pinname="Mouse" visible="1" slicecount="1" values="||">
   </PIN>
   <PIN pinname="Layer" visible="1">
   </PIN>
   <PIN pinname="Size" slicecount="1" values="0.54">
   </PIN>
   <PIN pinname="Enabled" visible="1">
   </PIN>
   <BOUNDS type="Box" left="3840" top="13620">
   </BOUNDS>
   </NODE>
   <NODE systemname="Group (EX9)" nodename="Group (EX9)" componentmode="Hidden" id="25">
   <BOUNDS type="Node" left="1755" top="14235" width="3480" height="270">
   </BOUNDS>
   <PIN pinname="Layer 2" visible="1">
   </PIN>
   <PIN pinname="Layer 1" visible="1">
   </PIN>
   <PIN pinname="Layer" visible="1">
   </PIN>
   <PIN pinname="Enabled" visible="1" slicecount="1" values="1">
   </PIN>
   <PIN pinname="Layer Template Count" slicecount="1" values="3">
   </PIN>
   <PIN pinname="Layer 3" visible="1">
   </PIN>
   </NODE>
   <LINK srcnodeid="24" srcpinname="Layer" dstnodeid="25" dstpinname="Layer 2">
   </LINK>
   <LINK srcnodeid="8" srcpinname="Layer" dstnodeid="25" dstpinname="Layer 1">
   </LINK>
   <LINK srcnodeid="25" srcpinname="Layer" dstnodeid="12" dstpinname="Input Node">
   </LINK>
   <LINK srcnodeid="23" srcpinname="Output Node" dstnodeid="24" dstpinname="Mouse" hiddenwhenlocked="1">
   </LINK>
   <NODE systemname="TogEdge (Animation)" nodename="TogEdge (Animation)" componentmode="Hidden" id="26">
   <BOUNDS type="Node" left="2790" top="1170" width="100" height="100">
   </BOUNDS>
   <PIN pinname="Input" visible="1">
   </PIN>
   <PIN pinname="Up Edge" visible="1">
   </PIN>
   </NODE>
   <LINK srcnodeid="22" srcpinname="Left Button" dstnodeid="26" dstpinname="Input">
   </LINK>
   <NODE systemname="xyZ (3d XY)" nodename="xyZ (3d XY)" componentmode="Hidden" id="28">
   <BOUNDS type="Node" left="2610" top="5070" width="100" height="100">
   </BOUNDS>
   <PIN pinname="XY" visible="1">
   </PIN>
   <PIN pinname="XYZ" visible="1">
   </PIN>
   </NODE>
   <LINK srcnodeid="17" srcpinname="Output" dstnodeid="28" dstpinname="XY">
   </LINK>
   <LINK srcnodeid="28" srcpinname="XYZ" dstnodeid="15" dstpinname="Points">
   </LINK>
   <NODE systemname="FrameDelay (Animation)" nodename="FrameDelay (Animation)" componentmode="Hidden" id="29">
   <BOUNDS type="Node" left="6075" top="7515" width="100" height="100">
   </BOUNDS>
   <PIN pinname="Input 1" visible="1">
   </PIN>
   <PIN pinname="Output 1" visible="1">
   </PIN>
   </NODE>
   <NODE systemname="TogEdge (Animation)" nodename="TogEdge (Animation)" componentmode="Hidden" id="30">
   <BOUNDS type="Node" left="3660" top="1155" width="100" height="100">
   </BOUNDS>
   <PIN pinname="Input" visible="1" slicecount="1" values="0">
   </PIN>
   <PIN pinname="Up Edge" visible="1">
   </PIN>
   </NODE>
   <LINK srcnodeid="22" srcpinname="Right Button" dstnodeid="30" dstpinname="Input">
   </LINK>
   <NODE systemname="AvoidNIL (Spreads)" filename="%VVVV%\lib\nodes\modules\Spreads\AvoidNIL (Spreads).v4p" nodename="AvoidNIL (Spreads)" componentmode="Hidden" id="31">
   <BOUNDS type="Node" left="6075" top="7065" width="100" height="100">
   </BOUNDS>
   <PIN pinname="Input" visible="1">
   </PIN>
   <PIN pinname="Output" visible="1">
   </PIN>
   <PIN pinname="Default" slicecount="1" values="-1">
   </PIN>
   <BOUNDS type="Box" left="6075" top="7065">
   </BOUNDS>
   </NODE>
   <LINK srcnodeid="15" srcpinname="Over" dstnodeid="31" dstpinname="Input">
   </LINK>
   <LINK srcnodeid="31" srcpinname="Output" dstnodeid="29" dstpinname="Input 1">
   </LINK>
   <NODE systemname="SetSlice (Spreads)" nodename="SetSlice (Spreads)" componentmode="Hidden" id="33">
   <BOUNDS type="Node" left="2685" top="7665" width="100" height="100">
   </BOUNDS>
   <PIN pinname="Index" visible="1" slicecount="1" values="0">
   </PIN>
   <PIN pinname="Input" slicecount="1" values="1">
   </PIN>
   <PIN pinname="Spread" visible="1">
   </PIN>
   <PIN pinname="Output" visible="1">
   </PIN>
   </NODE>
   <NODE systemname="Select (Value)" nodename="Select (Value)" componentmode="Hidden" id="32">
   <BOUNDS type="Node" left="2685" top="6840" width="100" height="100">
   </BOUNDS>
   <PIN pinname="Select" visible="1" slicecount="1" values="1">
   </PIN>
   <PIN pinname="Output" visible="1">
   </PIN>
   </NODE>
   <LINK srcnodeid="32" srcpinname="Output" dstnodeid="33" dstpinname="Spread">
   </LINK>
   <NODE systemname="Count (2d)" filename="%VVVV%\lib\nodes\modules\2D\Count (2D).v4p" nodename="Count (2d)" componentmode="Hidden" id="34">
   <BOUNDS type="Node" left="3135" top="4170" width="100" height="100">
   </BOUNDS>
   <PIN pinname="Input" visible="1">
   </PIN>
   <PIN pinname="Count" visible="1">
   </PIN>
   </NODE>
   <LINK srcnodeid="17" srcpinname="Output" dstnodeid="34" dstpinname="Input">
   </LINK>
   <LINK srcnodeid="34" srcpinname="Count" dstnodeid="32" dstpinname="Select">
   </LINK>
   <LINK srcnodeid="15" srcpinname="Picked" dstnodeid="33" dstpinname="Index">
   </LINK>
   <LINK srcnodeid="33" srcpinname="Output" dstnodeid="19" dstpinname="Hit">
   </LINK>
   <LINK srcnodeid="20" srcpinname="XY" dstnodeid="19" dstpinname="PositionXY">
   </LINK>
   <NODE systemname="Add (Value)" nodename="Add (Value)" componentmode="Hidden" id="35">
   <BOUNDS type="Node" left="1950" top="8940" width="100" height="100">
   </BOUNDS>
   <PIN pinname="Input 2" visible="1">
   </PIN>
   <PIN pinname="Input 1" visible="1">
   </PIN>
   <PIN pinname="Output" visible="1">
   </PIN>
   </NODE>
   <LINK srcnodeid="19" srcpinname="OffsetXY" dstnodeid="35" dstpinname="Input 2">
   </LINK>
   <LINK srcnodeid="17" srcpinname="Output" dstnodeid="35" dstpinname="Input 1">
   </LINK>
   <NODE systemname="OR (Boolean Spectral)" nodename="OR (Boolean Spectral)" componentmode="Hidden" id="36">
   <BOUNDS type="Node" left="3270" top="8940" width="360" height="270">
   </BOUNDS>
   <PIN pinname="Input" visible="1">
   </PIN>
   <PIN pinname="Output" visible="1">
   </PIN>
   </NODE>
   <LINK srcnodeid="19" srcpinname="Dragging" dstnodeid="36" dstpinname="Input">
   </LINK>
   <NODE systemname="FrameDelay (Animation)" nodename="FrameDelay (Animation)" componentmode="Hidden" id="37">
   <BOUNDS type="Node" left="3285" top="9480" width="900" height="270">
   </BOUNDS>
   <PIN pinname="Input 1" visible="1" slicecount="1" values="0">
   </PIN>
   <PIN pinname="Output 1" visible="1">
   </PIN>
   </NODE>
   <LINK srcnodeid="36" srcpinname="Output" dstnodeid="37" dstpinname="Input 1">
   </LINK>
   <NODE systemname="FrameDelay (Animation)" nodename="FrameDelay (Animation)" componentmode="Hidden" id="39">
   <BOUNDS type="Node" left="1650" top="9480" width="100" height="100">
   </BOUNDS>
   <PIN pinname="Input 1" visible="1">
   </PIN>
   <PIN pinname="Output 1" visible="1">
   </PIN>
   </NODE>
   <LINK srcnodeid="35" srcpinname="Output" dstnodeid="39" dstpinname="Input 1">
   </LINK>
   <NODE systemname="Switch (Value Input)" nodename="Switch (Value Input)" componentmode="Hidden" id="40">
   <BOUNDS type="Node" left="2745" top="3000" width="100" height="100">
   </BOUNDS>
   <PIN pinname="Switch" visible="1">
   </PIN>
   <PIN pinname="Input 2" visible="1">
   </PIN>
   <PIN pinname="Input 1" visible="1" slicecount="1" values="-1">
   </PIN>
   <PIN pinname="Output" visible="1">
   </PIN>
   </NODE>
   <LINK srcnodeid="29" srcpinname="Output 1" dstnodeid="40" dstpinname="Input 2" linkstyle="Bezier">
   <LINKPOINT x="9240" y="9570">
   </LINKPOINT>
   <LINKPOINT x="7470" y="705">
   </LINKPOINT>
   </LINK>
   <NODE systemname="I (Spreads)" nodename="I (Spreads)" componentmode="Hidden" id="41">
   <BOUNDS type="Node" left="5085" top="1140" width="100" height="100">
   </BOUNDS>
   <PIN pinname="Output" visible="1">
   </PIN>
   <PIN pinname=".. To [" visible="1">
   </PIN>
   </NODE>
   <NODE systemname="FrameDelay (Animation)" nodename="FrameDelay (Animation)" componentmode="Hidden" id="42">
   <BOUNDS type="Node" left="4920" top="5025" width="100" height="100">
   </BOUNDS>
   <PIN pinname="Input 1" visible="1">
   </PIN>
   <PIN pinname="Output 1" visible="1">
   </PIN>
   </NODE>
   <LINK srcnodeid="34" srcpinname="Count" dstnodeid="42" dstpinname="Input 1">
   </LINK>
   <LINK srcnodeid="42" srcpinname="Output 1" dstnodeid="41" dstpinname=".. To [" linkstyle="Bezier">
   <LINKPOINT x="7215" y="7395">
   </LINKPOINT>
   <LINKPOINT x="6675" y="15">
   </LINKPOINT>
   </LINK>
   <NODE systemname="AvoidNIL (Spreads)" filename="%VVVV%\lib\nodes\modules\Spreads\AvoidNIL (Spreads).v4p" nodename="AvoidNIL (Spreads)" componentmode="Hidden" id="43">
   <BOUNDS type="Node" left="5085" top="1635" width="100" height="100">
   </BOUNDS>
   <PIN pinname="Input" visible="1">
   </PIN>
   <PIN pinname="Output" visible="1">
   </PIN>
   </NODE>
   <LINK srcnodeid="41" srcpinname="Output" dstnodeid="43" dstpinname="Input">
   </LINK>
   <NODE nodename="IOBox (Value Advanced)" componentmode="InABox" id="46" systemname="IOBox (Value Advanced)">
   <BOUNDS type="Box" left="4890" top="3255" width="480" height="480">
   </BOUNDS>
   <BOUNDS type="Node" left="4890" top="3255" width="0" height="0">
   </BOUNDS>
   <PIN pinname="Y Input Value" slicecount="1" values="0">
   </PIN>
   <PIN pinname="Units" slicecount="1" values="||">
   </PIN>
   <PIN pinname="Precision" slicecount="1" values="4">
   </PIN>
   <PIN pinname="Value Type" slicecount="1" values="Boolean">
   </PIN>
   <PIN pinname="Behavior" slicecount="1" values="Bang">
   </PIN>
   <PIN pinname="X Input Value" slicecount="1" values="0">
   </PIN>
   </NODE>
   <LINK srcnodeid="46" srcpinname="Y Output Value" dstnodeid="17" dstpinname="Clear">
   </LINK>
   <LINK srcnodeid="40" srcpinname="Output" dstnodeid="17" dstpinname="Index">
   </LINK>
   <NODE systemname="Switch (Value Input)" nodename="Switch (Value Input)" componentmode="Hidden" id="50">
   <BOUNDS type="Node" left="1950" top="3000" width="100" height="100">
   </BOUNDS>
   <PIN pinname="Switch" visible="1">
   </PIN>
   <PIN pinname="Input 2" visible="1">
   </PIN>
   <PIN pinname="Input 1" visible="1">
   </PIN>
   <PIN pinname="Output" visible="1">
   </PIN>
   </NODE>
   <LINK srcnodeid="20" srcpinname="XY" dstnodeid="50" dstpinname="Input 2">
   </LINK>
   <LINK srcnodeid="39" srcpinname="Output 1" dstnodeid="50" dstpinname="Input 1" linkstyle="Bezier">
   <LINKPOINT x="0" y="12000">
   </LINKPOINT>
   <LINKPOINT x="0" y="1215">
   </LINKPOINT>
   </LINK>
   <LINK srcnodeid="50" srcpinname="Output" dstnodeid="17" dstpinname="Input">
   </LINK>
   <NODE systemname="AND (Boolean)" nodename="AND (Boolean)" componentmode="Hidden" id="51">
   <BOUNDS type="Node" left="4425" top="7680" width="100" height="100">
   </BOUNDS>
   <PIN pinname="Input 1" visible="1">
   </PIN>
   <PIN pinname="Input 2" visible="1">
   </PIN>
   <PIN pinname="Output" visible="1">
   </PIN>
   </NODE>
   <LINK srcnodeid="22" srcpinname="Left Button" dstnodeid="51" dstpinname="Input 1">
   </LINK>
   <NODE systemname="Count (Value)" nodename="Count (Value)" componentmode="Hidden" id="52">
   <BOUNDS type="Node" left="4980" top="7035" width="100" height="100">
   </BOUNDS>
   <PIN pinname="Input" visible="1">
   </PIN>
   <PIN pinname="Count" visible="1">
   </PIN>
   </NODE>
   <LINK srcnodeid="15" srcpinname="Over" dstnodeid="52" dstpinname="Input">
   </LINK>
   <LINK srcnodeid="52" srcpinname="Count" dstnodeid="51" dstpinname="Input 2">
   </LINK>
   <LINK srcnodeid="51" srcpinname="Output" dstnodeid="19" dstpinname="Drag">
   </LINK>
   <NODE systemname="NOT (Boolean)" filename="" nodename="NOT (Boolean)" componentmode="Hidden" id="53">
   <BOUNDS type="Node" left="5460" top="8070" width="100" height="100">
   </BOUNDS>
   <PIN pinname="Input" visible="1" slicecount="1" values="0">
   </PIN>
   <PIN pinname="Output" visible="1">
   </PIN>
   </NODE>
   <NODE systemname="FrameDelay (Animation)" nodename="FrameDelay (Animation)" componentmode="Hidden" id="54">
   <BOUNDS type="Node" left="5445" top="9480" width="100" height="100">
   </BOUNDS>
   <PIN pinname="Input 1" visible="1">
   </PIN>
   <PIN pinname="Output 1" visible="1">
   </PIN>
   </NODE>
   <NODE systemname="AND (Boolean)" nodename="AND (Boolean)" componentmode="Hidden" id="55">
   <BOUNDS type="Node" left="5445" top="8940" width="100" height="100">
   </BOUNDS>
   <PIN pinname="Input 1" visible="1">
   </PIN>
   <PIN pinname="Output" visible="1">
   </PIN>
   <PIN pinname="Input 2" visible="1">
   </PIN>
   <PIN pinname="Input Count" slicecount="1" values="3">
   </PIN>
   <PIN pinname="Input 3" visible="1">
   </PIN>
   </NODE>
   <LINK srcnodeid="26" srcpinname="Up Edge" dstnodeid="55" dstpinname="Input 1">
   </LINK>
   <LINK srcnodeid="52" srcpinname="Count" dstnodeid="53" dstpinname="Input">
   </LINK>
   <LINK srcnodeid="55" srcpinname="Output" dstnodeid="54" dstpinname="Input 1">
   </LINK>
   <LINK srcnodeid="53" srcpinname="Output" dstnodeid="55" dstpinname="Input 2">
   </LINK>
   <NODE systemname="AND (Boolean)" nodename="AND (Boolean)" componentmode="Hidden" id="56">
   <BOUNDS type="Node" left="4455" top="8940" width="100" height="100">
   </BOUNDS>
   <PIN pinname="Input 2" visible="1">
   </PIN>
   <PIN pinname="Input 1" visible="1">
   </PIN>
   <PIN pinname="Output" visible="1">
   </PIN>
   </NODE>
   <LINK srcnodeid="52" srcpinname="Count" dstnodeid="56" dstpinname="Input 2">
   </LINK>
   <LINK srcnodeid="30" srcpinname="Up Edge" dstnodeid="56" dstpinname="Input 1">
   </LINK>
   <NODE systemname="FrameDelay (Animation)" nodename="FrameDelay (Animation)" componentmode="Hidden" id="57">
   <BOUNDS type="Node" left="4455" top="9480" width="100" height="100">
   </BOUNDS>
   <PIN pinname="Input 1" visible="1">
   </PIN>
   <PIN pinname="Output 1" visible="1">
   </PIN>
   </NODE>
   <LINK srcnodeid="56" srcpinname="Output" dstnodeid="57" dstpinname="Input 1">
   </LINK>
   <LINK srcnodeid="57" srcpinname="Output 1" dstnodeid="40" dstpinname="Switch" linkstyle="Bezier">
   <LINKPOINT x="10665" y="13620">
   </LINKPOINT>
   <LINKPOINT x="3705" y="225">
   </LINKPOINT>
   </LINK>
   <LINK srcnodeid="57" srcpinname="Output 1" dstnodeid="17" dstpinname="Remove">
   </LINK>
   <NODE systemname="Switch (Value Input)" nodename="Switch (Value Input)" componentmode="Hidden" id="58">
   <BOUNDS type="Node" left="3030" top="2490" width="100" height="100">
   </BOUNDS>
   <PIN pinname="Input 2" visible="1">
   </PIN>
   <PIN pinname="Input 1" slicecount="1" values="-1">
   </PIN>
   <PIN pinname="Switch" visible="1">
   </PIN>
   <PIN pinname="Output" visible="1">
   </PIN>
   </NODE>
   <LINK srcnodeid="43" srcpinname="Output" dstnodeid="58" dstpinname="Input 2">
   </LINK>
   <LINK srcnodeid="58" srcpinname="Output" dstnodeid="40" dstpinname="Input 1">
   </LINK>
   <NODE systemname="UniformScale (Transform)" nodename="UniformScale (Transform)" componentmode="Hidden" id="59">
   <BOUNDS type="Node" left="1755" top="12825" width="100" height="100">
   </BOUNDS>
   <PIN pinname="Transform In" visible="1">
   </PIN>
   <PIN pinname="Transform Out" visible="1">
   </PIN>
   <PIN pinname="XYZ" visible="1" slicecount="1" values="0.03">
   </PIN>
   </NODE>
   <LINK srcnodeid="9" srcpinname="Transform Out" dstnodeid="59" dstpinname="Transform In">
   </LINK>
   <LINK srcnodeid="59" srcpinname="Transform Out" dstnodeid="8" dstpinname="Transform">
   </LINK>
   <NODE systemname="Switch (Value Input)" nodename="Switch (Value Input)" componentmode="Hidden" id="60">
   <BOUNDS type="Node" left="2685" top="12300" width="100" height="100">
   </BOUNDS>
   <PIN pinname="Output" visible="1">
   </PIN>
   <PIN pinname="Input 1" slicecount="1" values="0.05">
   </PIN>
   <PIN pinname="Input 2" slicecount="1" values="0.03">
   </PIN>
   <PIN pinname="Switch" visible="1">
   </PIN>
   </NODE>
   <NODE systemname="Fill (EX9.RenderState)" nodename="Fill (EX9.RenderState)" componentmode="Hidden" id="61">
   <BOUNDS type="Node" left="1170" top="12945" width="100" height="100">
   </BOUNDS>
   <PIN pinname="Render State Out" visible="1">
   </PIN>
   <PIN pinname="Fill Mode" slicecount="1" values="WireFrame">
   </PIN>
   </NODE>
   <LINK srcnodeid="61" srcpinname="Render State Out" dstnodeid="8" dstpinname="Render State">
   </LINK>
   <LINK srcnodeid="60" srcpinname="Output" dstnodeid="59" dstpinname="XYZ">
   </LINK>
   <LINK srcnodeid="33" srcpinname="Output" dstnodeid="60" dstpinname="Switch">
   </LINK>
   <NODE systemname="NOT (Boolean)" nodename="NOT (Boolean)" componentmode="Hidden" id="62">
   <BOUNDS type="Node" left="4560" top="13050" width="100" height="100">
   </BOUNDS>
   <PIN pinname="Input" visible="1">
   </PIN>
   <PIN pinname="Output" visible="1">
   </PIN>
   </NODE>
   <LINK srcnodeid="37" srcpinname="Output 1" dstnodeid="62" dstpinname="Input">
   </LINK>
   <LINK srcnodeid="62" srcpinname="Output" dstnodeid="24" dstpinname="Enabled">
   </LINK>
   <NODE systemname="Switch (Value Input)" nodename="Switch (Value Input)" componentmode="Hidden" id="63">
   <BOUNDS type="Node" left="3465" top="12300" width="100" height="100">
   </BOUNDS>
   <PIN pinname="Output" visible="1">
   </PIN>
   <PIN pinname="Input 1" slicecount="1" values="0.77">
   </PIN>
   <PIN pinname="Input 2" slicecount="1" values="1">
   </PIN>
   <PIN pinname="Switch" visible="1" slicecount="3" values="0">
   </PIN>
   </NODE>
   <LINK srcnodeid="63" srcpinname="Output" dstnodeid="8" dstpinname="Inner Radius">
   </LINK>
   <NODE systemname="SetSlice (Spreads)" nodename="SetSlice (Spreads)" componentmode="Hidden" id="66">
   <BOUNDS type="Node" left="3465" top="7650" width="100" height="100">
   </BOUNDS>
   <PIN pinname="Index" visible="1" slicecount="1" values="0">
   </PIN>
   <PIN pinname="Input" slicecount="1" values="1">
   </PIN>
   <PIN pinname="Spread" visible="1" slicecount="3" values="0,0,0">
   </PIN>
   <PIN pinname="Output" visible="1">
   </PIN>
   </NODE>
   <LINK srcnodeid="32" srcpinname="Output" dstnodeid="66" dstpinname="Spread">
   </LINK>
   <LINK srcnodeid="15" srcpinname="Over" dstnodeid="66" dstpinname="Index">
   </LINK>
   <LINK srcnodeid="66" srcpinname="Output" dstnodeid="63" dstpinname="Switch">
   </LINK>
   <LINK srcnodeid="35" srcpinname="Output" dstnodeid="9" dstpinname="TranslateXY">
   </LINK>
   <NODE nodename="IOBox (Value Advanced)" componentmode="InABox" id="67" systemname="IOBox (Value Advanced)">
   <BOUNDS type="Box" left="6960" top="1515" width="795" height="240">
   </BOUNDS>
   <BOUNDS type="Node" left="6960" top="1515" width="0" height="0">
   </BOUNDS>
   <PIN pinname="Units" slicecount="1" values="||">
   </PIN>
   <PIN pinname="Precision" slicecount="1" values="4">
   </PIN>
   <PIN pinname="Y Output Value" visible="1">
   </PIN>
   </NODE>
   <LINK srcnodeid="37" srcpinname="Output 1" dstnodeid="67" dstpinname="Y Input Value" linkstyle="Bezier">
   <LINKPOINT x="9420" y="13740">
   </LINKPOINT>
   <LINKPOINT x="7935" y="300">
   </LINKPOINT>
   </LINK>
   <LINK srcnodeid="67" srcpinname="Y Output Value" dstnodeid="58" dstpinname="Switch">
   </LINK>
   <LINK srcnodeid="67" srcpinname="Y Output Value" dstnodeid="17" dstpinname="Set">
   </LINK>
   <NODE nodename="IOBox (Value Advanced)" componentmode="InABox" id="68" systemname="IOBox (Value Advanced)">
   <BOUNDS type="Box" left="8025" top="1545" width="795" height="240">
   </BOUNDS>
   <BOUNDS type="Node" left="8025" top="1545" width="0" height="0">
   </BOUNDS>
   <PIN pinname="Units" slicecount="1" values="||">
   </PIN>
   <PIN pinname="Precision" slicecount="1" values="4">
   </PIN>
   <PIN pinname="Y Output Value" visible="1">
   </PIN>
   </NODE>
   <LINK srcnodeid="54" srcpinname="Output 1" dstnodeid="68" dstpinname="Y Input Value" linkstyle="Bezier">
   <LINKPOINT x="10335" y="13335">
   </LINKPOINT>
   <LINKPOINT x="8685" y="435">
   </LINKPOINT>
   </LINK>
   <LINK srcnodeid="68" srcpinname="Y Output Value" dstnodeid="17" dstpinname="Insert">
   </LINK>
   <LINK srcnodeid="68" srcpinname="Y Output Value" dstnodeid="50" dstpinname="Switch">
   </LINK>
   <LINK srcnodeid="11" srcpinname="Y Output Value" dstnodeid="25" dstpinname="Enabled">
   </LINK>
   <NODE systemname="Text (EX9)" filename="%VVVV%\lib\nodes\plugins\VVVV.Nodes.dll" nodename="Text (EX9)" componentmode="Hidden" id="69">
   <BOUNDS type="Node" left="6060" top="12060" width="100" height="100">
   </BOUNDS>
   <PIN pinname="Layer" visible="1">
   </PIN>
   <PIN pinname="Transform" visible="1">
   </PIN>
   <PIN pinname="Text" visible="1">
   </PIN>
   </NODE>
   <LINK srcnodeid="69" srcpinname="Layer" dstnodeid="25" dstpinname="Layer 3">
   </LINK>
   <NODE systemname="FormatValue (String)" nodename="FormatValue (String)" componentmode="Hidden" id="71">
   <BOUNDS type="Node" left="6450" top="11445" width="100" height="100">
   </BOUNDS>
   <PIN pinname="Output" visible="1">
   </PIN>
   <PIN pinname="Input" visible="1">
   </PIN>
   </NODE>
   <LINK srcnodeid="71" srcpinname="Output" dstnodeid="69" dstpinname="Text">
   </LINK>
   <LINK srcnodeid="41" srcpinname="Output" dstnodeid="71" dstpinname="Input">
   </LINK>
   <NODE systemname="UniformScale (Transform)" nodename="UniformScale (Transform)" componentmode="Hidden" id="72">
   <BOUNDS type="Node" left="5280" top="11520" width="100" height="100">
   </BOUNDS>
   <PIN pinname="Transform In" visible="1">
   </PIN>
   <PIN pinname="Transform Out" visible="1">
   </PIN>
   <PIN pinname="XYZ" slicecount="1" values="0.08">
   </PIN>
   </NODE>
   <LINK srcnodeid="72" srcpinname="Transform Out" dstnodeid="69" dstpinname="Transform">
   </LINK>
   <NODE systemname="Translate (Transform)" nodename="Translate (Transform)" componentmode="Hidden" id="73">
   <BOUNDS type="Node" left="5310" top="10920" width="100" height="100">
   </BOUNDS>
   <PIN pinname="Transform In" visible="1">
   </PIN>
   <PIN pinname="Transform Out" visible="1">
   </PIN>
   <PIN pinname="Y" slicecount="1" values="-0.07">
   </PIN>
   </NODE>
   <LINK srcnodeid="9" srcpinname="Transform Out" dstnodeid="73" dstpinname="Transform In">
   </LINK>
   <LINK srcnodeid="73" srcpinname="Transform Out" dstnodeid="72" dstpinname="Transform In">
   </LINK>
   <NODE systemname="WindowLists (Windows)" nodename="WindowLists (Windows)" componentmode="Hidden" id="74">
   <BOUNDS type="Node" left="7125" top="300" width="100" height="100">
   </BOUNDS>
   <PIN pinname="TopMost VVVV Window" visible="1">
   </PIN>
   </NODE>
   <NODE systemname="Sift (String)" nodename="Sift (String)" componentmode="Hidden" id="75">
   <BOUNDS type="Node" left="7695" top="765" width="100" height="100">
   </BOUNDS>
   <PIN pinname="Input" visible="1">
   </PIN>
   <PIN pinname="Filter" slicecount="1" values="Fullscreen">
   </PIN>
   <PIN pinname="Comparison" slicecount="1" values="Contains">
   </PIN>
   <PIN pinname="Hits" visible="1">
   </PIN>
   </NODE>
   <LINK srcnodeid="74" srcpinname="TopMost VVVV Window" dstnodeid="75" dstpinname="Input">
   </LINK>
   <LINK srcnodeid="75" srcpinname="Hits" dstnodeid="55" dstpinname="Input 3">
   </LINK>
   <NODE nodename="IOBox (String)" componentmode="InABox" id="76" systemname="IOBox (String)">
   <BOUNDS type="Box" left="8355" top="315" width="795" height="240">
   </BOUNDS>
   <BOUNDS type="Node" left="8355" top="315" width="0" height="0">
   </BOUNDS>
   <PIN pinname="Input String" slicecount="1" values="Fullscreen">
   </PIN>
   <PIN pinname="Default" slicecount="1" values="text">
   </PIN>
   <PIN pinname="File Mask" slicecount="1" values="||">
   </PIN>
   <PIN pinname="Maximum Characters" slicecount="1" values="-1">
   </PIN>
   </NODE>
   <LINK srcnodeid="76" srcpinname="Output String" dstnodeid="75" dstpinname="Filter">
   </LINK>
   </PATCH>