<!DOCTYPE PATCH  SYSTEM "http://vvvv.org/versions/vvvv45beta31.2.dtd" >
   <PATCH nodename="C:\Users\Joreg\dev\github\cgevent\CalibrateProjector\RealPoints.v4p" systemname="RealPoints" filename="C:\Users\joreg\dev\repos\CGEvent\RealPoints.v4p">
   <NODE systemname="IOBox (Value Advanced)" nodename="IOBox (Value Advanced)" componentmode="InABox" id="0">
   <BOUNDS type="Node" left="1500" top="1500" width="100" height="100">
   </BOUNDS>
   <BOUNDS type="Box" left="1500" top="1500" width="795" height="720">
   </BOUNDS>
   <PIN pinname="Rows" slicecount="1" values="3">
   </PIN>
   <PIN pinname="Y Input Value" slicecount="3" values="0,0,-0.525">
   </PIN>
   <PIN pinname="Vector Size" slicecount="1" values="3">
   </PIN>
   <PIN pinname="Default" slicecount="1" values="|0, 0, 0|">
   </PIN>
   <PIN pinname="Y Output Value" visible="1">
   </PIN>
   </NODE>
   <NODE systemname="IOBox (Value Advanced)" nodename="IOBox (Value Advanced)" componentmode="InABox" id="1">
   <BOUNDS type="Node" left="2400" top="1500" width="100" height="100">
   </BOUNDS>
   <BOUNDS type="Box" left="2400" top="1500" width="795" height="720">
   </BOUNDS>
   <PIN pinname="Rows" slicecount="1" values="3">
   </PIN>
   <PIN pinname="Y Input Value" slicecount="3" values="0.635,0,-0.525">
   </PIN>
   <PIN pinname="Vector Size" slicecount="1" values="3">
   </PIN>
   <PIN pinname="Default" slicecount="1" values="|0, 0, 0|">
   </PIN>
   <PIN pinname="Y Output Value" visible="1">
   </PIN>
   </NODE>
   <NODE systemname="IOBox (Value Advanced)" nodename="IOBox (Value Advanced)" componentmode="InABox" id="2">
   <BOUNDS type="Node" left="3300" top="1500" width="100" height="100">
   </BOUNDS>
   <BOUNDS type="Box" left="3300" top="1500" width="795" height="720">
   </BOUNDS>
   <PIN pinname="Rows" slicecount="1" values="3">
   </PIN>
   <PIN pinname="Y Input Value" slicecount="3" values="0.635,0,0">
   </PIN>
   <PIN pinname="Vector Size" slicecount="1" values="3">
   </PIN>
   <PIN pinname="Default" slicecount="1" values="|0, 0, 0|">
   </PIN>
   <PIN pinname="Y Output Value" visible="1">
   </PIN>
   </NODE>
   <NODE systemname="IOBox (Value Advanced)" nodename="IOBox (Value Advanced)" componentmode="InABox" id="3">
   <BOUNDS type="Node" left="4200" top="1500" width="100" height="100">
   </BOUNDS>
   <BOUNDS type="Box" left="4200" top="1500" width="795" height="720">
   </BOUNDS>
   <PIN pinname="Rows" slicecount="1" values="3">
   </PIN>
   <PIN pinname="Y Input Value" slicecount="3" values="0.3,0.14,-0.525">
   </PIN>
   <PIN pinname="Vector Size" slicecount="1" values="3">
   </PIN>
   <PIN pinname="Default" slicecount="1" values="|0, 0, 0|">
   </PIN>
   <PIN pinname="Y Output Value" visible="1">
   </PIN>
   </NODE>
   <NODE systemname="IOBox (Value Advanced)" nodename="IOBox (Value Advanced)" componentmode="InABox" id="4">
   <BOUNDS type="Node" left="5100" top="1500" width="100" height="100">
   </BOUNDS>
   <BOUNDS type="Box" left="5100" top="1500" width="795" height="720">
   </BOUNDS>
   <PIN pinname="Rows" slicecount="1" values="3">
   </PIN>
   <PIN pinname="Y Input Value" slicecount="3" values="0.635,0.14,-0.11">
   </PIN>
   <PIN pinname="Vector Size" slicecount="1" values="3">
   </PIN>
   <PIN pinname="Default" slicecount="1" values="|0, 0, 0|">
   </PIN>
   <PIN pinname="Y Output Value" visible="1">
   </PIN>
   </NODE>
   <NODE systemname="IOBox (Value Advanced)" nodename="IOBox (Value Advanced)" componentmode="InABox" id="5">
   <BOUNDS type="Node" left="6000" top="1500" width="100" height="100">
   </BOUNDS>
   <BOUNDS type="Box" left="6000" top="1500" width="795" height="720">
   </BOUNDS>
   <PIN pinname="Rows" slicecount="1" values="3">
   </PIN>
   <PIN pinname="Y Input Value" slicecount="3" values="0.3,0.665,-0.51">
   </PIN>
   <PIN pinname="Vector Size" slicecount="1" values="3">
   </PIN>
   <PIN pinname="Default" slicecount="1" values="|0, 0, 0|">
   </PIN>
   <PIN pinname="Y Output Value" visible="1">
   </PIN>
   </NODE>
   <NODE systemname="Cons (Spreads)" filename="%VVVV%\lib\nodes\plugins\VVVV.Nodes.dll" nodename="Cons (Spreads)" componentmode="Hidden" id="6">
   <BOUNDS type="Node" left="1515" top="2505" width="5460" height="270">
   </BOUNDS>
   <PIN pinname="Input Count" slicecount="1" values="7">
   </PIN>
   <PIN pinname="Input 1" visible="1">
   </PIN>
   <PIN pinname="Input 2" visible="1">
   </PIN>
   <PIN pinname="Input 3" visible="1">
   </PIN>
   <PIN pinname="Input 4" visible="1">
   </PIN>
   <PIN pinname="Input 5" visible="1">
   </PIN>
   <PIN pinname="Input 6" visible="1">
   </PIN>
   <PIN pinname="Output" visible="1">
   </PIN>
   <PIN pinname="Input 7" visible="1">
   </PIN>
   </NODE>
   <NODE systemname="Sphere (DX9)" nodename="Sphere (DX9)" componentmode="Hidden" id="7">
   <BOUNDS type="Node" left="690" top="5145" width="100" height="100">
   </BOUNDS>
   <PIN pinname="Transform" visible="1">
   </PIN>
   <PIN pinname="Layer" visible="1">
   </PIN>
   </NODE>
   <NODE systemname="UniformScale (Transform)" nodename="UniformScale (Transform)" componentmode="Hidden" id="8">
   <BOUNDS type="Node" left="840" top="4695" width="100" height="100">
   </BOUNDS>
   <PIN pinname="Transform Out" visible="1">
   </PIN>
   <PIN pinname="XYZ" slicecount="1" values="0.03">
   </PIN>
   <PIN pinname="Transform In" visible="1">
   </PIN>
   </NODE>
   <NODE systemname="Translate (Transform Vector)" nodename="Translate (Transform Vector)" componentmode="Hidden" id="9">
   <BOUNDS type="Node" left="855" top="4215" width="100" height="100">
   </BOUNDS>
   <PIN pinname="Transform Out" visible="1">
   </PIN>
   <PIN pinname="XYZ" visible="1">
   </PIN>
   </NODE>
   <NODE systemname="IOBox (Value Advanced)" nodename="IOBox (Value Advanced)" componentmode="InABox" id="10">
   <BOUNDS type="Node" left="6900" top="1500" width="100" height="100">
   </BOUNDS>
   <BOUNDS type="Box" left="6900" top="1500" width="795" height="720">
   </BOUNDS>
   <PIN pinname="Rows" slicecount="1" values="3">
   </PIN>
   <PIN pinname="Y Input Value" slicecount="3" values="0.635,0.665,-0.11">
   </PIN>
   <PIN pinname="Vector Size" slicecount="1" values="3">
   </PIN>
   <PIN pinname="Default" slicecount="1" values="|0, 0, 0|">
   </PIN>
   <PIN pinname="Y Output Value" visible="1">
   </PIN>
   </NODE>
   <NODE nodename="IOBox (String)" componentmode="InABox" id="11" systemname="IOBox (String)">
   <BOUNDS type="Node" left="3810" top="2850" width="2130" height="270">
   </BOUNDS>
   <BOUNDS type="Box" left="3810" top="2850" width="2370" height="480">
   </BOUNDS>
   <PIN pinname="Input String" visible="0" slicecount="1" values="|^ Real World measurements of significant points|">
   </PIN>
   <PIN pinname="Output String" visible="0">
   </PIN>
   <PIN pinname="Show Grid" slicecount="1" values="0">
   </PIN>
   <PIN pinname="String Type" slicecount="1" values="MultiLine">
   </PIN>
   </NODE>
   <LINK srcnodeid="0" srcpinname="Y Output Value" dstnodeid="6" dstpinname="Input 1">
   </LINK>
   <LINK srcnodeid="1" srcpinname="Y Output Value" dstnodeid="6" dstpinname="Input 2">
   </LINK>
   <LINK srcnodeid="2" srcpinname="Y Output Value" dstnodeid="6" dstpinname="Input 3">
   </LINK>
   <LINK srcnodeid="3" srcpinname="Y Output Value" dstnodeid="6" dstpinname="Input 4">
   </LINK>
   <LINK srcnodeid="4" srcpinname="Y Output Value" dstnodeid="6" dstpinname="Input 5">
   </LINK>
   <LINK srcnodeid="5" srcpinname="Y Output Value" dstnodeid="6" dstpinname="Input 6">
   </LINK>
   <LINK srcnodeid="10" srcpinname="Y Output Value" dstnodeid="6" dstpinname="Input 7">
   </LINK>
   <NODE id="12" systemname="IOBox (Value Advanced)" componentmode="InABox" nodename="IOBox (Value Advanced)">
   <PIN pinname="Descriptive Name" slicecount="1" values="Output">
   </PIN>
   <BOUNDS type="Box" left="3390" top="5745" width="750" height="240">
   </BOUNDS>
   <BOUNDS type="Node" left="3390" top="5745" width="750" height="240">
   </BOUNDS>
   </NODE>
   <LINK srcnodeid="6" srcpinname="Output" dstnodeid="12" dstpinname="Y Input Value">
   </LINK>
   <LINK srcnodeid="8" srcpinname="Transform Out" dstnodeid="7" dstpinname="Transform">
   </LINK>
   <NODE id="13" systemname="IOBox (Node)" componentmode="InABox" nodename="IOBox (Node)">
   <PIN pinname="Descriptive Name" slicecount="1" values="Layer">
   </PIN>
   <BOUNDS type="Box" left="1155" top="5745" width="750" height="240">
   </BOUNDS>
   <BOUNDS type="Node" left="1155" top="5745" width="750" height="240">
   </BOUNDS>
   </NODE>
   <LINK srcnodeid="7" srcpinname="Layer" dstnodeid="13" dstpinname="Input Node">
   </LINK>
   <LINK srcnodeid="9" srcpinname="Transform Out" dstnodeid="8" dstpinname="Transform In">
   </LINK>
   <LINK srcnodeid="6" srcpinname="Output" dstnodeid="9" dstpinname="XYZ">
   </LINK>
   <BOUNDS type="Window" left="12720" top="7005" width="8505" height="7590">
   </BOUNDS>
   <NODE nodename="IOBox (Color)" componentmode="InABox" id="14" systemname="IOBox (Color)">
   <BOUNDS type="Box" left="1935" top="4605" width="570" height="375">
   </BOUNDS>
   <BOUNDS type="Node" left="1935" top="4605" width="0" height="0">
   </BOUNDS>
   <PIN pinname="Color Input" slicecount="1" values="|0.24826,0.99666,0.00000,1.00000|">
   </PIN>
   </NODE>
   <LINK srcnodeid="14" srcpinname="Color Output" dstnodeid="7" dstpinname="Color">
   </LINK>
   <NODE nodename="IOBox (Value Advanced)" componentmode="InABox" id="15" systemname="IOBox (Value Advanced)">
   <BOUNDS type="Box" left="3810" top="4050" width="480" height="480">
   </BOUNDS>
   <BOUNDS type="Node" left="3810" top="4050" width="0" height="0">
   </BOUNDS>
   <PIN pinname="Y Input Value" slicecount="1" values="1">
   </PIN>
   <PIN pinname="Units" slicecount="1" values="||">
   </PIN>
   <PIN pinname="Precision" slicecount="1" values="4">
   </PIN>
   <PIN pinname="Value Type" slicecount="1" values="Boolean">
   </PIN>
   <PIN pinname="Behavior" slicecount="1" values="Toggle">
   </PIN>
   <PIN pinname="X Input Value" slicecount="1" values="1">
   </PIN>
   <PIN pinname="Descriptive Name" slicecount="1" values="Enabled">
   </PIN>
   </NODE>
   <LINK srcnodeid="15" srcpinname="Y Output Value" dstnodeid="7" dstpinname="Enabled">
   </LINK>
   </PATCH>