<!DOCTYPE PATCH  SYSTEM "http://vvvv.org/versions/vvvv45debug31.3.dtd" >
   <PATCH nodename="C:\Users\joreg\dev\repos\CGEvent\Scene.v4p" systemname="Scene" filename="C:\Users\joreg\dev\repos\CGEvent\Scene.v4p">
   <NODE systemname="Box (EX9.Geometry)" nodename="Box (EX9.Geometry)" componentmode="Hidden" id="0">
   <BOUNDS type="Node" left="1575" top="3375" width="100" height="100">
   </BOUNDS>
   <PIN pinname="Width">
   </PIN>
   <PIN pinname="Height" slicecount="1" values="0.14">
   </PIN>
   <PIN pinname="Depth" visible="1">
   </PIN>
   <PIN pinname="Mesh" visible="1">
   </PIN>
   </NODE>
   <NODE nodename="IOBox (Value Advanced)" componentmode="InABox" id="1" systemname="IOBox (Value Advanced)">
   <BOUNDS type="Box" left="1860" top="1500" width="795" height="240">
   </BOUNDS>
   <BOUNDS type="Node" left="1860" top="1500" width="0" height="0">
   </BOUNDS>
   <PIN pinname="Y Input Value" slicecount="1" values="0.635">
   </PIN>
   <PIN pinname="Units" slicecount="1" values="||">
   </PIN>
   <PIN pinname="Precision" slicecount="1" values="4">
   </PIN>
   <PIN pinname="Y Output Value" visible="1">
   </PIN>
   </NODE>
   <NODE systemname="Divide (Value)" nodename="Divide (Value)" componentmode="Hidden" id="2">
   <BOUNDS type="Node" left="2010" top="2055" width="100" height="100">
   </BOUNDS>
   <PIN pinname="Input" visible="1">
   </PIN>
   <PIN pinname="Output" visible="1">
   </PIN>
   <PIN pinname="Input 2" slicecount="1" values="2">
   </PIN>
   </NODE>
   <NODE nodename="IOBox (Value Advanced)" componentmode="InABox" id="3" systemname="IOBox (Value Advanced)">
   <BOUNDS type="Box" left="2760" top="1500" width="795" height="240">
   </BOUNDS>
   <BOUNDS type="Node" left="2760" top="1500" width="0" height="0">
   </BOUNDS>
   <PIN pinname="Y Input Value" slicecount="1" values="0.525">
   </PIN>
   <PIN pinname="Units" slicecount="1" values="||">
   </PIN>
   <PIN pinname="Precision" slicecount="1" values="4">
   </PIN>
   <PIN pinname="Y Output Value" visible="1">
   </PIN>
   </NODE>
   <NODE systemname="Divide (Value)" nodename="Divide (Value)" componentmode="Hidden" id="4">
   <BOUNDS type="Node" left="2910" top="2055" width="100" height="100">
   </BOUNDS>
   <PIN pinname="Input" visible="1">
   </PIN>
   <PIN pinname="Output" visible="1">
   </PIN>
   <PIN pinname="Input 2" slicecount="1" values="-2">
   </PIN>
   </NODE>
   <NODE systemname="Translate (Transform)" nodename="Translate (Transform)" componentmode="Hidden" id="5">
   <BOUNDS type="Node" left="2310" top="3375" width="100" height="100">
   </BOUNDS>
   <PIN pinname="Transform Out" visible="1">
   </PIN>
   <PIN pinname="TranslateX" visible="1">
   </PIN>
   <PIN pinname="TranslateY" visible="1">
   </PIN>
   <PIN pinname="X" visible="1">
   </PIN>
   <PIN pinname="Z" visible="1">
   </PIN>
   <PIN pinname="Y" slicecount="1" values="0.07">
   </PIN>
   </NODE>
   <NODE systemname="Box (EX9.Geometry)" nodename="Box (EX9.Geometry)" componentmode="Hidden" id="6">
   <BOUNDS type="Node" left="4125" top="3375" width="100" height="100">
   </BOUNDS>
   <PIN pinname="Width" slicecount="1" values="0.635">
   </PIN>
   <PIN pinname="Height" slicecount="1" values="0.14">
   </PIN>
   <PIN pinname="Depth" slicecount="1" visible="1" values="0.525">
   </PIN>
   <PIN pinname="Mesh" visible="1">
   </PIN>
   </NODE>
   <NODE systemname="Translate (Transform)" nodename="Translate (Transform)" componentmode="Hidden" id="7">
   <BOUNDS type="Node" left="4875" top="2715" width="100" height="100">
   </BOUNDS>
   <PIN pinname="Transform Out" visible="1">
   </PIN>
   <PIN pinname="TranslateX" visible="1">
   </PIN>
   <PIN pinname="TranslateY" visible="1">
   </PIN>
   <PIN pinname="X" visible="1" slicecount="1" values="0.38">
   </PIN>
   <PIN pinname="Z" visible="1" slicecount="1" values="-0.31">
   </PIN>
   <PIN pinname="Y" slicecount="1" values="0.4">
   </PIN>
   </NODE>
   <NODE systemname="Rotate (Transform)" nodename="Rotate (Transform)" componentmode="Hidden" id="8">
   <BOUNDS type="Node" left="4875" top="3375" width="100" height="100">
   </BOUNDS>
   <PIN pinname="Transform Out" visible="1">
   </PIN>
   <PIN pinname="Y" slicecount="1" values="-0.142">
   </PIN>
   <PIN pinname="Z" slicecount="1" values="0">
   </PIN>
   <PIN pinname="X" slicecount="1" values="0.25">
   </PIN>
   <PIN pinname="Transform In" visible="1">
   </PIN>
   </NODE>
   <NODE systemname="PhongDirectional (EX9.Effect)" filename="%VVVV%\lib\nodes\effects\PhongDirectional.fx" nodename="PhongDirectional (EX9.Effect)" componentmode="Hidden" id="9">
   <BOUNDS type="Node" left="1500" top="3870" width="100" height="100">
   </BOUNDS>
   <PIN pinname="Mesh" visible="1">
   </PIN>
   <PIN pinname="Layer" visible="1">
   </PIN>
   <PIN pinname="Transform" visible="1">
   </PIN>
   <PIN pinname="Light Direction XYZ" visible="1">
   </PIN>
   </NODE>
   <NODE systemname="PhongDirectional (EX9.Effect)" filename="%VVVV%\lib\nodes\effects\PhongDirectional.fx" nodename="PhongDirectional (EX9.Effect)" componentmode="Hidden" id="10">
   <BOUNDS type="Node" left="4050" top="3870" width="2265" height="270">
   </BOUNDS>
   <PIN pinname="Mesh" visible="1">
   </PIN>
   <PIN pinname="Layer" visible="1">
   </PIN>
   <PIN pinname="Transform" visible="1">
   </PIN>
   <PIN pinname="Light Direction XYZ" visible="1">
   </PIN>
   </NODE>
   <NODE systemname="Box (EX9.Geometry)" nodename="Box (EX9.Geometry)" componentmode="Hidden" id="11">
   <BOUNDS type="Node" left="6885" top="3375" width="100" height="100">
   </BOUNDS>
   <PIN pinname="Width" slicecount="1" values="0.3">
   </PIN>
   <PIN pinname="Height" slicecount="1" values="0.14">
   </PIN>
   <PIN pinname="Depth" slicecount="1" visible="1" values="0.01">
   </PIN>
   <PIN pinname="Mesh" visible="1">
   </PIN>
   </NODE>
   <NODE systemname="Translate (Transform)" nodename="Translate (Transform)" componentmode="Hidden" id="12">
   <BOUNDS type="Node" left="7455" top="3375" width="100" height="100">
   </BOUNDS>
   <PIN pinname="Transform Out" visible="1">
   </PIN>
   <PIN pinname="TranslateX" visible="1">
   </PIN>
   <PIN pinname="TranslateY" visible="1">
   </PIN>
   <PIN pinname="X" visible="1" slicecount="1" values="0.15">
   </PIN>
   <PIN pinname="Z" visible="1" slicecount="1" values="-0.53">
   </PIN>
   <PIN pinname="Y" slicecount="1" values="0.07">
   </PIN>
   </NODE>
   <NODE systemname="PhongDirectional (EX9.Effect)" filename="%VVVV%\lib\nodes\effects\PhongDirectional.fx" nodename="PhongDirectional (EX9.Effect)" componentmode="Hidden" id="13">
   <BOUNDS type="Node" left="6810" top="3870" width="100" height="100">
   </BOUNDS>
   <PIN pinname="Mesh" visible="1">
   </PIN>
   <PIN pinname="Layer" visible="1">
   </PIN>
   <PIN pinname="Transform" visible="1">
   </PIN>
   <PIN pinname="Specular Color" slicecount="1" values="|0.35000,0.35000,0.35000,1.00000|">
   </PIN>
   <PIN pinname="Ambient Color" slicecount="1" values="|0.41877,0.00000,0.21997,1.00000|">
   </PIN>
   </NODE>
   <NODE systemname="Box (EX9.Geometry)" nodename="Box (EX9.Geometry)" componentmode="Hidden" id="14">
   <BOUNDS type="Node" left="9300" top="3375" width="100" height="100">
   </BOUNDS>
   <PIN pinname="Width" slicecount="1" values="0.01">
   </PIN>
   <PIN pinname="Height" slicecount="1" values="0.14">
   </PIN>
   <PIN pinname="Depth" slicecount="1" visible="1" values="0.11">
   </PIN>
   <PIN pinname="Mesh" visible="1">
   </PIN>
   </NODE>
   <NODE systemname="Translate (Transform)" nodename="Translate (Transform)" componentmode="Hidden" id="15">
   <BOUNDS type="Node" left="9870" top="3375" width="100" height="100">
   </BOUNDS>
   <PIN pinname="Transform Out" visible="1">
   </PIN>
   <PIN pinname="TranslateX" visible="1">
   </PIN>
   <PIN pinname="TranslateY" visible="1">
   </PIN>
   <PIN pinname="X" visible="1" slicecount="1" values="0.64">
   </PIN>
   <PIN pinname="Z" visible="1" slicecount="1" values="-0.055">
   </PIN>
   <PIN pinname="Y" slicecount="1" values="0.07">
   </PIN>
   </NODE>
   <NODE systemname="PhongDirectional (EX9.Effect)" filename="%VVVV%\lib\nodes\effects\PhongDirectional.fx" nodename="PhongDirectional (EX9.Effect)" componentmode="Hidden" id="16">
   <BOUNDS type="Node" left="9225" top="3870" width="100" height="100">
   </BOUNDS>
   <PIN pinname="Mesh" visible="1">
   </PIN>
   <PIN pinname="Layer" visible="1">
   </PIN>
   <PIN pinname="Transform" visible="1">
   </PIN>
   <PIN pinname="Specular Color" slicecount="1" values="|0.35000,0.35000,0.35000,1.00000|">
   </PIN>
   <PIN pinname="Ambient Color" slicecount="1" values="|0.41877,0.00000,0.21997,1.00000|">
   </PIN>
   </NODE>
   <NODE systemname="Light (EX9 Direction)" filename="%VVVV%\lib\nodes\modules\EX9\Light (EX9 Direction).v4p" nodename="Light (EX9 Direction)" componentmode="Hidden" id="17">
   <BOUNDS type="Node" left="3645" top="2430" width="100" height="100">
   </BOUNDS>
   <PIN pinname="Light Direction Out" visible="1">
   </PIN>
   <PIN pinname="Pitch" slicecount="1" values="-0.43">
   </PIN>
   <PIN pinname="Yaw" slicecount="1" values="-0.12">
   </PIN>
   </NODE>
   <NODE systemname="Group (EX9)" nodename="Group (EX9)" componentmode="Hidden" id="18">
   <BOUNDS type="Node" left="1500" top="4935" width="3495" height="270">
   </BOUNDS>
   <PIN pinname="Layer Template Count" slicecount="1" values="4">
   </PIN>
   <PIN pinname="Layer 1" visible="1">
   </PIN>
   <PIN pinname="Layer 2" visible="1">
   </PIN>
   <PIN pinname="Layer 3" visible="1">
   </PIN>
   <PIN pinname="Layer 4" visible="1">
   </PIN>
   <PIN pinname="Layer" visible="1">
   </PIN>
   </NODE>
   <LINK srcnodeid="0" srcpinname="Mesh" dstnodeid="9" dstpinname="Mesh">
   </LINK>
   <LINK srcnodeid="5" srcpinname="Transform Out" dstnodeid="9" dstpinname="Transform">
   </LINK>
   <LINK srcnodeid="17" srcpinname="Light Direction Out" dstnodeid="9" dstpinname="Light Direction XYZ">
   </LINK>
   <LINK srcnodeid="9" srcpinname="Layer" dstnodeid="18" dstpinname="Layer 1">
   </LINK>
   <LINK srcnodeid="10" srcpinname="Layer" dstnodeid="18" dstpinname="Layer 2">
   </LINK>
   <LINK srcnodeid="13" srcpinname="Layer" dstnodeid="18" dstpinname="Layer 3">
   </LINK>
   <LINK srcnodeid="16" srcpinname="Layer" dstnodeid="18" dstpinname="Layer 4">
   </LINK>
   <NODE id="19" systemname="IOBox (Node)" componentmode="InABox" nodename="IOBox (Node)">
   <PIN pinname="Descriptive Name" slicecount="1" values="Layer">
   </PIN>
   <BOUNDS type="Box" left="1500" top="5705" width="750" height="240">
   </BOUNDS>
   <BOUNDS type="Node" left="1500" top="5705" width="750" height="240">
   </BOUNDS>
   </NODE>
   <LINK srcnodeid="18" srcpinname="Layer" dstnodeid="19" dstpinname="Input Node">
   </LINK>
   <LINK srcnodeid="1" srcpinname="Y Output Value" dstnodeid="0" dstpinname="Width">
   </LINK>
   <LINK srcnodeid="3" srcpinname="Y Output Value" dstnodeid="0" dstpinname="Depth">
   </LINK>
   <LINK srcnodeid="1" srcpinname="Y Output Value" dstnodeid="2" dstpinname="Input">
   <LINKPOINT x="1860" y="1725">
   </LINKPOINT>
   </LINK>
   <LINK srcnodeid="2" srcpinname="Output" dstnodeid="5" dstpinname="X">
   </LINK>
   <LINK srcnodeid="4" srcpinname="Output" dstnodeid="5" dstpinname="Z">
   </LINK>
   <LINK srcnodeid="3" srcpinname="Y Output Value" dstnodeid="4" dstpinname="Input">
   <LINKPOINT x="2760" y="1725">
   </LINKPOINT>
   </LINK>
   <LINK srcnodeid="6" srcpinname="Mesh" dstnodeid="10" dstpinname="Mesh">
   </LINK>
   <LINK srcnodeid="8" srcpinname="Transform Out" dstnodeid="10" dstpinname="Transform">
   </LINK>
   <LINK srcnodeid="17" srcpinname="Light Direction Out" dstnodeid="10" dstpinname="Light Direction XYZ">
   </LINK>
   <LINK srcnodeid="7" srcpinname="Transform Out" dstnodeid="8" dstpinname="Transform In">
   </LINK>
   <LINK srcnodeid="11" srcpinname="Mesh" dstnodeid="13" dstpinname="Mesh">
   </LINK>
   <LINK srcnodeid="12" srcpinname="Transform Out" dstnodeid="13" dstpinname="Transform">
   </LINK>
   <LINK srcnodeid="14" srcpinname="Mesh" dstnodeid="16" dstpinname="Mesh">
   </LINK>
   <LINK srcnodeid="15" srcpinname="Transform Out" dstnodeid="16" dstpinname="Transform">
   </LINK>
   <BOUNDS type="Window" left="4035" top="3345" width="13035" height="7800">
   </BOUNDS>
   </PATCH>